SSIP,Stdevpack,Stdevbyte,NbFlow,NbIntFlow
14461.333333333334,6.202386210280065,400.6717772670053,14461.333333333334,0.9998617001659598
