SSIP,Stdevpack,Stdevbyte,NbFlow,NbIntFlow
2.0,0.7453559924999298,73.04488726499312,2.0,0.0
